source1_entity_id	true_entity_id	source	in_blocking	model_score	threshold	country	s1_name	cand_name	s1_addr	cand_addr	s1_cardinality	failure_stage	failure_category
S1-655396087	S2-423723567	S2	False		0.44	US	Desert Fund	DESERT FÚND	745 Merrow Road, Unit Unit 176, Coventry, CT		5	BLOCKING_FAILURE	candidate_cap_or_retrieval_miss
S1-138092506	S3-117718754	S3	True	0.2133	0.44	India	Digital Tech Private Limited	Digital Private Limited Center	#8, Millers Tank Bund Road, Bangalore, Karnataka	Bangalore, #8, ಕರ್ನಾಟಕ, Ballari	5	MODEL_SCORE_FAILURE	weak_feature_signal_or_underconfident
S1-138092506	S3-274876087	S3	False		0.44	India	Digital Tech Private Limited	Digital Téch Private (Ltd)	#8, Millers Tank Bund Road, Bangalore, Karnataka	#8, Bangalore, KA, Ballari	5	BLOCKING_FAILURE	candidate_cap_or_retrieval_miss
S1-138092506	S3-352995788	S3	False		0.44	India	Digital Tech Private Limited	ಡಿಜಿಟಲ್ ಟೆಕ್ ಪ್ರೈವೇಟ್ ಲಿಮಿಟೆಡ್	#8, Millers Tank Bund Road, Bangalore, Karnataka	#8, Bangalore, Ballari, ಕರ್ನಾಟಕ	5	BLOCKING_FAILURE	candidate_cap_or_retrieval_miss
S1-893828345	S2-197462845	S2	True	0.762	0.44	US	Patriot College	Patriot College Enterprises	105 Hill Street, Unit Apt 4, Village Of Norwalk, WI		6	DECISION_LAYER_FAILURE	margin_filtered_or_multi_match_cap
S1-119811850	S3-664301965	S3	True	0.0178	0.44	India	All Producer Private Limited	ऑल प्रोड्यूसर प्राइवेट लिमिटेड	A Bda, Complex, Bhopal, Flat No. 505, Madhya Pradesh, Huzur	#0505, A Bda, Complex, Bhopal, Huzur, मध्य प्रदेश	5	MODEL_SCORE_FAILURE	weak_feature_signal_or_underconfident
S1-119811850	S3-577727462	S3	True	0.014	0.44	India	All Producer Private Limited	ऑल प्रोड्यूसर Private Limited	A Bda, Complex, Bhopal, Flat No. 505, Madhya Pradesh, Huzur	0505, Huzur, Bhopal, MP	5	MODEL_SCORE_FAILURE	weak_feature_signal_or_underconfident
S1-119811850	S2-901656683	S2	True	0.0197	0.44	India	All Producer Private Limited	ऑल प्रोड्यूसर प्राइवेट लिमिटेड	A Bda, Complex, Bhopal, Flat No. 505, Madhya Pradesh, Huzur	H.NO 05, HUZUR, BHOPAL, Madhya Pradesh	5	MODEL_SCORE_FAILURE	weak_feature_signal_or_underconfident
S1-57090418	S3-415666737	S3	False		0.44	US	Wallace, Castro & Williams Floating	Wallace, Wallace, Castro and Williams Floating	1275 55th Street, Pleasant Hill, IA	1275 55th St, Pleasant Hill, Iowa	4	BLOCKING_FAILURE	candidate_cap_or_retrieval_miss
S1-24370948	S3-334606148	S3	False		0.44	US	Dorthy Moore Global Plus	Moore,  Dorthy Global Plus	214 Sugar Creek Road, Mocksville, NC	0214 Sugar Creek Rd, Mocksville, North Carolina	4	BLOCKING_FAILURE	candidate_cap_or_retrieval_miss
S1-624454018	S3-221164642	S3	True	0.1031	0.44	India	Classical Wellness Private Limited	Smt Classical Wellness (Private)	C-4/33, Kh No.-626, Gali No.-4 Sudamapuri Extn., Delhi, East Delhi, Delhi		5	MODEL_SCORE_FAILURE	weak_feature_signal_or_underconfident
S1-957751601	S2-662347918	S2	True	0.3248	0.44	India	Maa Logistics	मां लॉजिस्टिक्स	Plot No. 457, Babatpur, Near Panday Tvs, Second Floor, Varanasi, Uttar Pradesh	PLOT NO. 457, VARANASI, उत्तर प्रदेश	2	MODEL_SCORE_FAILURE	weak_feature_signal_or_underconfident
S1-972623738	S2-641416103	S2	True	0.4039	0.44	India	Zep Internationalprivate Private Limited	Mr ZEP INTERNATIONALPRIVATE PRIVATE LTD	Thane, 5 Ahilya Ghantali Devi Road. Thane West, Maharashtra		5	MODEL_SCORE_FAILURE	weak_feature_signal_or_underconfident
S1-119542512	S2-856334855	S2	False		0.44	US	Capital Western, Inc	Capital (Western,)	7408 Beacon Hill Lane, Unit 71, Charlotte, NC	7408 BEACON HILL LN, CHARLOTTE, NC	2	BLOCKING_FAILURE	candidate_cap_or_retrieval_miss
S1-111904740	S2-496908633	S2	True	0.7976	0.44	US	Jones Citizens LLC	[L.L.C.] JONES CITIZENS	9521 Gooden Drive, Fayetteville, NC	NC, FAETTEVILLE, PO BOX 654, GOODEN DRIVE	3	DECISION_LAYER_FAILURE	margin_filtered_or_multi_match_cap
S1-608626674	S2-37639594	S2	False		0.44	US	Big Cafe LLC	Big Cre LLC	11571 Christmas Cholla Drive, Fl 1, Scottsdale, AZ		8	BLOCKING_FAILURE	candidate_cap_or_retrieval_miss
S1-134755367	S2-214030604	S2	False		0.44	India	Om Consultancy Pvt Ltd	ओम कंसल्टेंसी प्रा. लि.	23 G Floor, World Trade Centre, Barakhamba Avenue, Connaught Place, New Delhi, Central Delhi, Delhi	G FLOOR, NEW DELHI, Delhi	2	BLOCKING_FAILURE	candidate_cap_or_retrieval_miss
S1-56862464	S2-669712899	S2	False		0.44	US	Jenn Thomas Capital Grade L.L.C.	Jenn Thomas Capital Grade Llc	7622 Camelback Road, Unit UNIT 2, Scottsdale, AZ	7622  CAMELBACK ROAD, SCOTTSDALE, AZ	4	BLOCKING_FAILURE	candidate_cap_or_retrieval_miss
S1-56862464	S3-813288207	S3	False		0.44	US	Jenn Thomas Capital Grade L.L.C.	Thomas, Jenn Capital Gráde L.L.C.	7622 Camelback Road, Unit UNIT 2, Scottsdale, AZ	##7622 Camelback Rd, # UNIT 2, Scottsdale, Arizona	4	BLOCKING_FAILURE	candidate_cap_or_retrieval_miss
S1-383138553	S3-333212667	S3	False		0.44	US	Bright Bakery Inc	Bright  Bakery Inc	1104 Biemeret Street, City Of Green Bay, WI	1104 Biemeret Street, Green Bbay, Wisconsin	2	BLOCKING_FAILURE	candidate_cap_or_retrieval_miss
S1-585762413	S2-735615004	S2	True	0.0744	0.44	US	O 2 T Copley	O 2 COPLEY SERVICE	791 Baxter County 13 Road, Mountain Home, AR		6	MODEL_SCORE_FAILURE	weak_feature_signal_or_underconfident
S1-83999047	S3-971519011	S3	False		0.44	US	Pacific College	Pacific Co1lege  Ltd	2648 Capri Street, Fl 0, Wichita, KS	2648 Capri Street, Wichita, Kansas	6	BLOCKING_FAILURE	candidate_cap_or_retrieval_miss
S1-226520589	S2-316434452	S2	True	0.563	0.44	India	United Logistics Pvt Ltd	ಯುನೈಟೆಡ್ ಲಾಜಿಸ್ಟಿಕ್ಸ್ ಪ್ರೈವೇಟ್ ಲಿಮಿಟೆಡ್	19/3/4, Nyanapanahalli, Begur Hobli, Bangalore, Karnataka	19/3/4, BANGALORE, BENGALURU URBAN, Karnataka	3	DECISION_LAYER_FAILURE	margin_filtered_or_multi_match_cap
S1-211019453	S2-742966706	S2	False		0.44	India	Optima College Ltd	Mr Optima Ltd Center	Tamil Nadu, Thoothukudi, 5A/526C, Thoothukudi, Cald Well Colony	5A/526C, CALD WELL COLONY, THOOTHUKUDI, தமிழ்நாடு	4	BLOCKING_FAILURE	candidate_cap_or_retrieval_miss
S1-555505782	S2-824936103	S2	False		0.44	India	Unique Vijay Technology Private Limited	Unique Vimy Technology Private Limited	H No.19-1-455 & 456 Kamati Pura, Hyderabad, Telangana	H.NO 19-1-455 & 456 KAMATI PURA, HYDERABAD, Telangana	5	BLOCKING_FAILURE	candidate_cap_or_retrieval_miss
S1-25453538	S2-569551342	S2	False		0.44	US	Bureau of Labor	Vantageyumapyra	42775 1, Rice, MN	RICE, MN, 42776 1	5	BLOCKING_FAILURE	candidate_cap_or_retrieval_miss
S1-25453538	S2-951094419	S2	False		0.44	US	Bureau of Labor	Bureau of Labor	42775 1, Rice, MN	42776 1, RICE, MN	5	BLOCKING_FAILURE	candidate_cap_or_retrieval_miss
S1-884730968	S3-395297422	S3	True	0.0037	0.44	India	VXC Trading Pvt. Ltd.	Tvxc.Com	34/101, Ullat Building Kodinji Road, Chemmad, Malappuram, Malapuram, Kerala	34/10, Malapuram, Malappuram, കേരളം	5	MODEL_SCORE_FAILURE	weak_feature_signal_or_underconfident
S1-236876085	S3-624773080	S3	False		0.44	US	Bureau of Labor	Of Bureau Lábor	1882 Kingwood Avenue, Coos Bay, OR	1882 Kingwood Avenue, COOS BAY, Oregon	4	BLOCKING_FAILURE	candidate_cap_or_retrieval_miss
S1-236876085	S2-551918386	S2	False		0.44	US	Bureau of Labor	Fayeevoumbra	1882 Kingwood Avenue, Coos Bay, OR	1882 KINGWOOD AVE, COOS BAY, OR	4	BLOCKING_FAILURE	candidate_cap_or_retrieval_miss
S1-934136398	S3-516611240	S3	False		0.44	US	Atlantic Wireless Associates, LLC	Atlantic Wireless Associates,	TX, Dallas, 3130 Darvany Drive	3130 Darvany Drive, Dallas, Texas	5	BLOCKING_FAILURE	candidate_cap_or_retrieval_miss
S1-934136398	S2-907106058	S2	False		0.44	US	Atlantic Wireless Associates, LLC	ATLANTIC WIRELESS ASSOCIATES, LLC	TX, Dallas, 3130 Darvany Drive		5	BLOCKING_FAILURE	candidate_cap_or_retrieval_miss
S1-740653166	S3-551211349	S3	False		0.44	US	Bernadette Pace, Ph.D.	Bernadette Páce, Ph.D.	4225 Regents Park, Hamburg, NY	4225 Regents Park, Hamburg, New York	3	BLOCKING_FAILURE	candidate_cap_or_retrieval_miss
S1-812788368	S3-890713664	S3	False		0.44	India	Tirupati Hospitality	ತಿರುಪತಿ ಹಾಸ್ಪಿಟಾಲಿಟಿ	Bangalore, No. 812 7Th Main, Karnataka, I Cross Hal Ii Stage Indiranagar, Bangalore	7Th Main, Bangalore, ಕರ್ನಾಟಕ	3	BLOCKING_FAILURE	candidate_cap_or_retrieval_miss
S1-812788368	S2-436261123	S2	True	0.006	0.44	India	Tirupati Hospitality	ತಿರುಪತಿ ಹಾಸ್ಪಿಟಾಲಿಟಿ	Bangalore, No. 812 7Th Main, Karnataka, I Cross Hal Ii Stage Indiranagar, Bangalore	Karnataka, DOOR NO 0812 7TH MAIN, BANGALORE	3	MODEL_SCORE_FAILURE	weak_feature_signal_or_underconfident
S1-171874760	S2-324959950	S2	True	0.0917	0.44	India	Bhishma Mercantile Private Limited	M/s Bhishma Limited Private Mércantile	Door No 11/797-A, 11/797-B Vattamkulam Panchayath Sukapuram Edappal P O, Malappuram District, Malappuram, Malapuram, Kerala		4	MODEL_SCORE_FAILURE	weak_feature_signal_or_underconfident
S1-977705668	S2-886950735	S2	False		0.44	US	Children's Trust LLC	Children's Trust	15222 Flamingo Park, Humble, TX	15222- FLAMINGO PARK, HUMBLE, TX	1	BLOCKING_FAILURE	candidate_cap_or_retrieval_miss
S1-848264467	S2-13503960	S2	False		0.44	India	All Food Private Limited	ऑल फूड प्राइवेट लिमिटेड	Flat 4, Ground Floor, B Wing Saileela Chsl, Rcf Mahul Road, Chembur, Mumbai, Mumbai City, Maharashtra	MUMBAI (SUBURBAN), Maharashtra, FLAT 4	6	BLOCKING_FAILURE	candidate_cap_or_retrieval_miss
S1-848264467	S2-352543982	S2	False		0.44	India	All Food Private Limited	ऑल फूड प्राइवेट लिमिटेड	Flat 4, Ground Floor, B Wing Saileela Chsl, Rcf Mahul Road, Chembur, Mumbai, Mumbai City, Maharashtra	MUMBAI (SUBURBAN), Maharashtra, FLAT 4	6	BLOCKING_FAILURE	candidate_cap_or_retrieval_miss
S1-218056464	S2-748263023	S2	True	0.7522	0.44	US	Mountain Clear Webster	Mountain Clear	4555 122, Hobgood, NC		6	DECISION_LAYER_FAILURE	margin_filtered_or_multi_match_cap
S1-704279297	S3-569232260	S3	False		0.44	US	Interstate College	Interstate College LP	Grapevine, 2035 Grant 19, AR	2035-2039 Grant 19, Grapevine, Arkansas	3	BLOCKING_FAILURE	candidate_cap_or_retrieval_miss
S1-704279297	S3-439300687	S3	False		0.44	US	Interstate College	Interstate College LLC	Grapevine, 2035 Grant 19, AR	Grant 19, Grapevine, Arkansas	3	BLOCKING_FAILURE	candidate_cap_or_retrieval_miss
S1-704279297	S2-372386523	S2	False		0.44	US	Interstate College	Interstate College Co	Grapevine, 2035 Grant 19, AR	2035 GRANT 19, GRAPEVINE, AR	3	BLOCKING_FAILURE	candidate_cap_or_retrieval_miss
S1-990026822	S2-657541389	S2	True	0.0039	0.44	India	Jain Hospitality Private Limited	जैन Hospitality प्राइवेट लिमिटेड	C/O Smt Neelam Devi, Gaya, Village Shahpur, Panch Musaila, Block Mohanpur, Bihar, Gaya	H.NO 135  C/O SMT NEELAM DEVI, GAYA, Bihar	2	MODEL_SCORE_FAILURE	weak_feature_signal_or_underconfident
S1-990026822	S3-379864109	S3	False		0.44	India	Jain Hospitality Private Limited	Jain Hospitality Pblvate Limited	C/O Smt Neelam Devi, Gaya, Village Shahpur, Panch Musaila, Block Mohanpur, Bihar, Gaya	Block B-48 C/o Smt Neelam Devi, Village Shahpur, Panch Musaila, Block Mohanpur, Gaya, BR	2	BLOCKING_FAILURE	candidate_cap_or_retrieval_miss
S1-788130015	S2-274960898	S2	False		0.44	US	Lewis and Fink Dynamix LLC	Lewis ánd Fink Dynamix LLC	29W 222 Andermann Drive, Naperville, IL	ANDERMANN DR, IL, NAPERVILLE	5	BLOCKING_FAILURE	candidate_cap_or_retrieval_miss
S1-788130015	S2-116655288	S2	True	0.5758	0.44	US	Lewis and Fink Dynamix LLC	Lewis and Fink Dynamix (LLC)	29W 222 Andermann Drive, Naperville, IL		5	DECISION_LAYER_FAILURE	margin_filtered_or_multi_match_cap
S1-788130015	S2-718971461	S2	False		0.44	US	Lewis and Fink Dynamix LLC	... Lewis and Fink Dynamix L.L.C.	29W 222 Andermann Drive, Naperville, IL	NAPERVILLE, 29W 222 ANDERMANN DR, IL	5	BLOCKING_FAILURE	candidate_cap_or_retrieval_miss
S1-899683274	S2-212916025	S2	True	0.5829	0.44	US	Vasoft	VASOFT INC	15218 Eagle Chase Drive, Draper City (utah Co), UT		3	DECISION_LAYER_FAILURE	margin_filtered_or_multi_match_cap
S1-492641941	S3-231843619	S3	True	0.7615	0.44	US	Oncology Associates Inc	Evomira	TX, 5878 Mcdonald Street, Melissa	##5878 Mcdonald Street, PMB 2074, Melissa, Texas	3	DECISION_LAYER_FAILURE	margin_filtered_or_multi_match_cap
S1-775153010	S2-2039409	S2	False		0.44	India	Jain Investment Limited	जैन इन्वेस्टमेंट लिमिटेड	Delhi, 7A Old Anarkali New Krishna Ngr, South Delhi, Delhi	NO 7A OLD ANARKALI NEW KRISHNA NGR, DELHI, SOUTH DELHI, दिल्ली	4	BLOCKING_FAILURE	candidate_cap_or_retrieval_miss
S1-98028482	S2-11988924	S2	True	0.1919	0.44	US	Aguayo Delta Charles	Aguayo Delta Center	104-42 118 Street, South Richmond Hill, NY		2	MODEL_SCORE_FAILURE	weak_feature_signal_or_underconfident
S1-838724147	S3-78311942	S3	False		0.44	US	Cherey Gandy, Ph.D.	Gagndy,, Cherey Ph.D.	MO, Saint Louis, 18 Fair Oaks Drive	Missouri, St Louis, 18 Fir Oaks Dr	4	BLOCKING_FAILURE	candidate_cap_or_retrieval_miss
S1-63373412	S3-69724349	S3	True	0.7579	0.44	US	Domaia Corp	Corp Dti	10290 Galena Road, Yorkville, IL	10290d Galena Rd, Bristol, Illinois	3	DECISION_LAYER_FAILURE	margin_filtered_or_multi_match_cap
S1-615610980	S3-97252212	S3	False		0.44	India	Shyam Group	Shyam	240, 2Nd Floor, Shahpur Jat, New Delhi, South Delhi, Delhi	240, 2Nd Floor, Shahpur Jat, New Delhi, South Delhi, DL	5	BLOCKING_FAILURE	candidate_cap_or_retrieval_miss
S1-354889538	S2-334019354	S2	True	0.3653	0.44	US	Rabun Boral LLC	Xyloquoevo	226 87 Street, New York, NY	0226 87 ST, NEW YORK, NY	4	MODEL_SCORE_FAILURE	weak_feature_signal_or_underconfident
S1-551528447	S2-972659839	S2	False		0.44	India	Indo Services Limited	இண்டோ சர்வீசஸ் லிமிடெட்	New No.104, Sengazhani Amman Koil Street Puzhuthivakkam, Chennai, Tamil Nadu	NEW NO.1-04, CHENNAI, Tamil Nadu	6	BLOCKING_FAILURE	candidate_cap_or_retrieval_miss
S1-551528447	S2-470053420	S2	False		0.44	India	Indo Services Limited	இண்டோ சர்வீசஸ் லிமிடெட்	New No.104, Sengazhani Amman Koil Street Puzhuthivakkam, Chennai, Tamil Nadu	NO 1-04, CHENNAI, தமிழ்நாடு	6	BLOCKING_FAILURE	candidate_cap_or_retrieval_miss
S1-551528447	S2-886979044	S2	False		0.44	India	Indo Services Limited	இண்டோ சர்வீசஸ் லிமிடெட்	New No.104, Sengazhani Amman Koil Street Puzhuthivakkam, Chennai, Tamil Nadu	H.NO 1-04, CHENNAI, Tamil Nadu	6	BLOCKING_FAILURE	candidate_cap_or_retrieval_miss
S1-771079529	S2-168186953	S2	False		0.44	US	Silver Marine Group	silver marine group	9225 Fairbanks Road, Albuquerque, NM	FAIRBANKS ROAD, ALBUQUERQUE, NM	5	BLOCKING_FAILURE	candidate_cap_or_retrieval_miss
S1-267297383	S2-969313389	S2	True	0.4557	0.44	India	Guru Constructions Private Limited	గురు కన్‌స్ట్రక్షన్స్ ప్రైవేట్ లిమిటెడ్	05-055/49/C/Nr, Ramireddy Nagar-W4, Jeedimetla Village, Quthbullahpur Mandal, Tirumalagiri, Hyderabad, Telangana	715 05-055/49/C/NR, TIRUMALAGIRI, HYDERABAD, తెలంగాణ	4	DECISION_LAYER_FAILURE	margin_filtered_or_multi_match_cap
S1-376650880	S3-550056089	S3	True	0.2	0.44	India	Iec Network Pvt Ltd	Iec-Network Pvt [Ltd.]	402, Rele Smruti, A Wing, S. V. Road, Near Babulin, Malad West, Mumbai, Bandra Suburban, Maharashtra	403, Mumbai, Bandra Suburban, MH	7	MODEL_SCORE_FAILURE	weak_feature_signal_or_underconfident
S1-376650880	S3-43444497	S3	False		0.44	India	Iec Network Pvt Ltd	Iec Nwork Pvt Ltd	402, Rele Smruti, A Wing, S. V. Road, Near Babulin, Malad West, Mumbai, Bandra Suburban, Maharashtra	403, Mumbai, Bandra Suburban, महाराष्ट्र	7	BLOCKING_FAILURE	candidate_cap_or_retrieval_miss
S1-78393312	S3-19129766	S3	False		0.44	US	Lee and Glandon LLC	Lee LLC Glandon and	496 Chestnut Street, Nelsonville, OH	496 Chestnut Street, Nelsonville, Ohio	5	BLOCKING_FAILURE	candidate_cap_or_retrieval_miss
S1-211861607	S2-177541103	S2	False		0.44	US	International Cloud Global LLC	International Cloud-Global LLC	300 Morton Avenue, Ripley, OK	300-C MORTON AVENUE, RIPLEY, OK	4	BLOCKING_FAILURE	candidate_cap_or_retrieval_miss
S1-870244834	S2-624049107	S2	True	0.5387	0.44	India	Jaipur Construction Pvt Ltd	Solmiralyra	Plot No 225, Arya Nagar, Jaipur, Rajasthan	PLOT NO 225, JAIPUR, AMBABARI, राजस्थान	5	DECISION_LAYER_FAILURE	margin_filtered_or_multi_match_cap
S1-547446962	S2-489833337	S2	True	0.596	0.44	India	Raviora Teas LLP	Raviora Teas Teas	Flat No 8 Yogeshwari Aptsnear Mehendale Garage Erandwana, Pune, Maharashtra		6	DECISION_LAYER_FAILURE	margin_filtered_or_multi_match_cap
S1-251355086	S3-592814717	S3	True	0.7361	0.44	India	India Rainbow Hvac Pvt Ltd	India Rainbow Pvt Ltd (Service)	3Rd Flr, Trellis Premises Chs Ltd, L.B.S Marg, Opp. Asha Petrol Pump, Kurla (West), Mumbai, Mumbai, Unit No. 302, Maharashtra, Mumbai	Uint No. 302, Dombivli, MH	3	DECISION_LAYER_FAILURE	margin_filtered_or_multi_match_cap
S1-262944527	S3-366996711	S3	True	0.5354	0.44	India	Services Satnam Technologies Private Limited	Services Satnam Technologies Private  Limited	No.7, Ground Floor, Tst, Complex, Imperial Road, Cuddalore, Tamil Nadu	Door No 7, Cuddalore, தமிழ்நாடு	7	DECISION_LAYER_FAILURE	margin_filtered_or_multi_match_cap
S1-243560817	S2-6800983	S2	False		0.44	US	National Fellowship VI LLC	NATIONAL FELLOWSHIP	9404 Lona Lane, Albuquerque, NM	9404A LONA LN, ALBUQUERQUE, NM	5	BLOCKING_FAILURE	candidate_cap_or_retrieval_miss
S1-243560817	S3-644696548	S3	False		0.44	US	National Fellowship VI LLC	National Fellowship VI	9404 Lona Lane, Albuquerque, NM	Lona Ln, Albuquerque, New Mexico	5	BLOCKING_FAILURE	candidate_cap_or_retrieval_miss
S1-223424468	S3-863750025	S3	True	0.0147	0.44	India	Royal Impex Private Limited	रॉयल इम्पेक्स प्राइवेट लिमिटेड	C/O Smt. Indra Jha, W/O- Ramanand Jha Near- Mamta Appt. Shivpuri, Shastri Naga, R, Patna, Bihar	C/o Smt. Indra Jha, Patna, बिहार	2	MODEL_SCORE_FAILURE	weak_feature_signal_or_underconfident
S1-223424468	S3-352112360	S3	False		0.44	India	Royal Impex Private Limited	रॉयल इम्पेक्स प्राइवेट लिमिटेड	C/O Smt. Indra Jha, W/O- Ramanand Jha Near- Mamta Appt. Shivpuri, Shastri Naga, R, Patna, Bihar	C/o Smt. Indra Jha, W/o- Ramanand Jha Near- Mamta Appt. Shivpuri, Shastri Naga, R, Patna, BR	2	BLOCKING_FAILURE	candidate_cap_or_retrieval_miss
S1-784017016	S3-625392851	S3	True	0.0027	0.44	India	Waves Trading Private Limited	Waves Trading Pdiehdaiee Limited	Shyamala Towers, Iii Floor No.136 Arcot Road, Saligramam, Chennai, Tamil Nadu	Plot 102 Shyaamla Towers, Salaigramam, தமிழ்நாடு	4	MODEL_SCORE_FAILURE	weak_feature_signal_or_underconfident
S1-221413242	S3-776228299	S3	False		0.44	US	Moore Spade LLC	*** Moore LLC Services	712 C Alley, State College, PA	712 C Aly, State College, Pennsylvania	5	BLOCKING_FAILURE	candidate_cap_or_retrieval_miss
S1-221413242	S2-1381876	S2	False		0.44	US	Moore Spade LLC	MOORESPADE.COM	712 C Alley, State College, PA	#712 C ALY, STATE COLLEGE, PA	5	BLOCKING_FAILURE	candidate_cap_or_retrieval_miss
S1-221413242	S3-503765877	S3	False		0.44	US	Moore Spade LLC	Moore Spade	712 C Alley, State College, PA	712 C Aly, State College, Pennsylvania	5	BLOCKING_FAILURE	candidate_cap_or_retrieval_miss
S1-788141772	S3-547273207	S3	False		0.44	US	Junina A. Borden, P.A.	Center Borden, P.A. Junina	6520 173rd Place, Tinley Park, IL	6520-D 173rd Pl, Tinley Park, Illinois	4	BLOCKING_FAILURE	candidate_cap_or_retrieval_miss
S1-788141772	S2-132728602	S2	False		0.44	US	Junina A. Borden, P.A.	Junina A. Bborden, P.A.	6520 173rd Place, Tinley Park, IL	PMB 6102, IL, 6520 173RD PL, TINLEY PARK	4	BLOCKING_FAILURE	candidate_cap_or_retrieval_miss
S1-14008981	S3-852912920	S3	True	0.246	0.44	India	Om Logistics	Om-Logistics	Mig-88, 2Nd Floor, Near Prime Hospital Road No:1, Kphb Coony, Kukatpally, Hyderabad, Telangana	Mig-c-88, Kukatpally, Medchal Malkajgiri, TG	4	MODEL_SCORE_FAILURE	weak_feature_signal_or_underconfident
S1-14008981	S3-883978119	S3	True	0.0234	0.44	India	Om Logistics	Om Logistics Company	Mig-88, 2Nd Floor, Near Prime Hospital Road No:1, Kphb Coony, Kukatpally, Hyderabad, Telangana	Mig-c-88, Kukatpally, Medchal Malkajgiri, తెలంగాణ	4	MODEL_SCORE_FAILURE	weak_feature_signal_or_underconfident
S1-1235487	S3-549184393	S3	False		0.44	India	Fortune Lotus Care Private Limited	Fortune Care Lotus Private Limited	7-70/10, Ayyappa Colony Dammaiguda, Nagaram Post, Kesara Mandal, Secunderabad, Hyderabad, Telangana	TG, Hyderabad, Secunderabad, 7-70/10	4	BLOCKING_FAILURE	candidate_cap_or_retrieval_miss
S1-564682778	S3-949197127	S3	False		0.44	US	Rev It Up Pizza! LLC	Rev It  Up Pizza! LLC	272 Robbins Drive, Greenwood, IN		5	BLOCKING_FAILURE	candidate_cap_or_retrieval_miss
S1-673757298	S2-615578711	S2	True	0.1028	0.44	India	Jain Logistics Pvt Ltd	ଜୈନ ଲଜିଷ୍ଟିକ୍ସ୍ ପ୍ରାଇଭେଟ୍ ଲିମିଟେଡ୍	C - 5A, Bjb Nagar Bhubaneswar, Bhubaneswar, Khordha, Orissa	NO 626 C - 5A, KHORDHA, BHUBANESWAR, Odisha	3	MODEL_SCORE_FAILURE	weak_feature_signal_or_underconfident
S1-673757298	S2-852095562	S2	True	0.7674	0.44	India	Jain Logistics Pvt Ltd	JAINLOGI5TICS.COM - 6613828978	C - 5A, Bjb Nagar Bhubaneswar, Bhubaneswar, Khordha, Orissa	#626 C - 5A, BJB NAGAR BHUBANESWAR, BHUBANESWAR, Odisha	3	DECISION_LAYER_FAILURE	margin_filtered_or_multi_match_cap
S1-909132549	S2-568955109	S2	True	0.697	0.44	US	Nenaia Co	Nylagildvantage	1932 Ave P, Scottsbluff, NE	1932 AVE P, PMB 1036, SCOTTSBLUFF, NE	6	DECISION_LAYER_FAILURE	margin_filtered_or_multi_match_cap
S1-909132549	S2-56113577	S2	True	0.0068	0.44	US	Nenaia Co	Nénaia	1932 Ave P, Scottsbluff, NE		6	MODEL_SCORE_FAILURE	weak_feature_signal_or_underconfident
S1-750314217	S3-683610692	S3	False		0.44	US	Heritage Consumer Enterprises Inc	Heritage Consumer Enterprises	536 New Deal Road, Jackson, TN	536 New Deal Rd, Jackson, Tennessee	3	BLOCKING_FAILURE	candidate_cap_or_retrieval_miss
S1-104563377	S3-625661210	S3	False		0.44	India	Real Care Pvt Ltd	रियल केयर प्रा. लि.	301, Bihar, Maharaja, Kameshwar Complex, Patna, Frazer Road	Patna, Divreportingcircle, BR, 301	5	BLOCKING_FAILURE	candidate_cap_or_retrieval_miss
S1-83174673	S3-755114994	S3	False		0.44	India	Supreme It Private Limited	सुप्रीम आईटी प्राइवेट लिमिटेड	Office No S 07 82Haware, Centurion Plt88-91 Sec19A, Thane, Maharashtra	Offiec No S ##07 82Haware, Centurion Plt88-91 Sec19a, Thane, MH	4	BLOCKING_FAILURE	candidate_cap_or_retrieval_miss
S1-465036428	S2-385514410	S2	True	0.7263	0.44	US	Ceniify Consultants	CENIIFY CONSULTANTS CO	1443 Teneighth Way, Sacramento, CA		5	DECISION_LAYER_FAILURE	margin_filtered_or_multi_match_cap
S1-870131289	S3-859911190	S3	False		0.44	India	Eastern & Partners	Noviarclum	Plot No. 7, Marwah Estate Saki Vihar Road, Andheri (East), Mumbai, Mumbai City, Maharashtra	No A-7, Bombay, Mumbai City, MH	7	BLOCKING_FAILURE	candidate_cap_or_retrieval_miss
S1-71113137	S3-689530502	S3	False		0.44	US	Schendel Commercial LLC	Schendel LLC (Services)	1312 Elmwood Avenue, Sioux Falls, SD	1312 Elmwood Ave, Sioux Falls, South Dakota	7	BLOCKING_FAILURE	candidate_cap_or_retrieval_miss
S1-972175050	S2-232304019	S2	False		0.44	US	Othilie Rodriguez Printing LLC	Othilie Rodriguez Printing	114 Divins Court, Richmond, KY	114 DIVINS CT, RICHMOND, KY	3	BLOCKING_FAILURE	candidate_cap_or_retrieval_miss
S1-722038266	S3-541353681	S3	True	0.002	0.44	India	Dee Films Private Limited	Dee-Private Limited Center	1302, Tower-3, Indiabulls Finance Center Sb Marg, Elphinstone Road (West), Mumbai, Mumbai City, Maharashtra	13-02, Mumbai, Panvel, MH	6	MODEL_SCORE_FAILURE	weak_feature_signal_or_underconfident
S1-900724854	S3-313080887	S3	False		0.44	India	Nr Estates Private Limited	Nr Estates	77 Basundhara Colony Tonk Road, Jaipur, Rajasthan	Door No 77 Basundhara Colony Tonk Road, Jaipur, RJ	4	BLOCKING_FAILURE	candidate_cap_or_retrieval_miss
S1-249456603	S2-701299284	S2	False		0.44	US	Strategic Mobility Laboratories LLC	STRATEGIC MOBILITY LABORATORIES  LLC	1275 Hezekiah Cove, Eads, TN	1275B HEZEKIAH CV, EADS, TN	4	BLOCKING_FAILURE	candidate_cap_or_retrieval_miss
S1-611958238	S2-940781917	S2	True	0.5179	0.44	US	JGX Graf LLC	J6X LLC PARTNERS	Alexandria, IN, 1031 28	1031 28, ALEXNADRIA CITY, IN	3	DECISION_LAYER_FAILURE	margin_filtered_or_multi_match_cap
S1-833338175	S2-231172414	S2	False		0.44	US	Ynes Fox Mountain Wholesale	YNES FOX MOUNTAIN-WHOLESALE LLC	1665 Brampton Way, Unit 210, Salt Lake City, UT	BRAMPTON WAY, SALT LAKE CITY, UT	4	BLOCKING_FAILURE	candidate_cap_or_retrieval_miss
S1-833338175	S3-239387819	S3	False		0.44	US	Ynes Fox Mountain Wholesale	Rizadova	1665 Brampton Way, Unit 210, Salt Lake City, UT	1665 1/2 Brampton Way, Unit 210, Salt Lake City, Utah	4	BLOCKING_FAILURE	candidate_cap_or_retrieval_miss
S1-833338175	S2-634116840	S2	False		0.44	US	Ynes Fox Mountain Wholesale	YNES FOX MÓUNTAIN [WHOLESALE]	1665 Brampton Way, Unit 210, Salt Lake City, UT	1665-D BRAMPTON WAY, SALT LAKE CITY, UT	4	BLOCKING_FAILURE	candidate_cap_or_retrieval_miss
S1-527148562	S2-509391343	S2	True	0.0161	0.44	India	Super Logistics Private Limited	सुपर लॉजिस्टिक्स प्राइवेट लिमिटेड	C-565 & C-565 B, Delhi, New Delhi, Old N-10, G/F Shop, Kh No. 116/10/1, Mahavir Enclave Part-3, Uttamnagar	PLOT 806 C-565 & C-565 B, UTTAMNAGAR, NEW DELHI, Delhi	4	MODEL_SCORE_FAILURE	weak_feature_signal_or_underconfident
S1-805804554	S2-564208722	S2	False		0.44	US	Apex Robotics Services	APEX (ROBOTICS)	Unit Apt 168, AR, West Memphis, 3992 Service Road		3	BLOCKING_FAILURE	candidate_cap_or_retrieval_miss
S1-805804554	S2-486613716	S2	False		0.44	US	Apex Robotics Services	apex r0botics services	Unit Apt 168, AR, West Memphis, 3992 Service Road	WEST MEMPHIS, AR, 3992  SERVICE ROAD	3	BLOCKING_FAILURE	candidate_cap_or_retrieval_miss
S1-145973837	S2-446764392	S2	True	0.684	0.44	India	Indian Logistics Private Limited	ಇಂಡಿಯನ್ ಲಾಜಿಸ್ಟಿಕ್ಸ್ ಪ್ರೈವೇಟ್ ಲಿಮಿಟೆಡ್	10Th Floor, Mfar Building, Embassy Manyata Tech Park, Bangalore North, Bangalore, Karnataka	10TH FLOOR, BANGALORE, BANGALORE NORTH, ಕರ್ನಾಟಕ	4	DECISION_LAYER_FAILURE	margin_filtered_or_multi_match_cap
S1-712206432	S2-595101282	S2	True	0.3002	0.44	US	Steelworkers Union Local No 728	Steelworkers Union Local No-728	218 Central Avenue, Greenville, OH		6	MODEL_SCORE_FAILURE	weak_feature_signal_or_underconfident
S1-329585751	S2-520363188	S2	True	0.777	0.44	India	Future Global Estate Limited	फ्यूचर ग्लोबल एस्टेट लिमिटेड	Munni Street Amroha Gate Moradabad In, Moradabad, Uttar Pradesh	PLOT ##15 MUNNI STREET AMROHA GATE MORADABAD IN, MORADABAD, उत्तर प्रदेश	3	DECISION_LAYER_FAILURE	margin_filtered_or_multi_match_cap
S1-993540284	S2-884864031	S2	True	0.0199	0.44	India	Sun Logistics Private Limited	സൺ ലോജിസ്റ്റിക്സ് പ്രൈവറ്റ് ലിമിറ്റഡ്	34, 2015, B-5, Navaratna Apartments, Bhagyadhara Lane, Palarivattom, Kerala	34, BHAGYADHARA LANE, PALARIVATTOM, Keralam	2	MODEL_SCORE_FAILURE	weak_feature_signal_or_underconfident
S1-844099287	S2-112049632	S2	False		0.44	US	Unified Semiconductor Holdings Inc.	unified semiconductor holdings inc.	503 Lakeside Way, Mattawa, WA	503 LAKESIDE WAY, MATTAWA, WA	4	BLOCKING_FAILURE	candidate_cap_or_retrieval_miss
S1-997227894	S3-997500849	S3	False		0.44	US	Lucky Book Store Inc.	Lucky	1005 Adams Avenue, Warden, WA	1005 Adams Avenue, Warden, WA	2	BLOCKING_FAILURE	candidate_cap_or_retrieval_miss
S1-791691316	S3-384697167	S3	False		0.44	India	Eastern Marketing Private Limited	Eastern	Sco - 29 1St Floor Mugal Canal Above Canara Bank, Karnal, Haryana	Sco - 29 1St Floor Mugal Canal Above Canara Bank, Karnal, Haryana	5	BLOCKING_FAILURE	candidate_cap_or_retrieval_miss
S1-464974641	S2-153950533	S2	False		0.44	US	Family Fellowship III Inc.	Family Fellowship Inc III	104 Fleming Avenue, Geneva, AL	104 FLEMING AVENUE, GENEVA CDP, AL	2	BLOCKING_FAILURE	candidate_cap_or_retrieval_miss
S1-536877574	S2-254133600	S2	True	0.6009	0.44	US	Piedmont College	Piedmont College LLC Enterprises	122 Loma Vista Drive, Tempe, AZ		2	DECISION_LAYER_FAILURE	margin_filtered_or_multi_match_cap
S1-544455222	S3-879713790	S3	True	0.5789	0.44	India	Acumen Crown Private Limited	Acumen Private Limited Center	Plot No 1788, Weavers Colony, Kapra, Secunderabad, Hyderabad, Telangana		7	DECISION_LAYER_FAILURE	margin_filtered_or_multi_match_cap
S1-461739450	S3-2746932	S3	True	0.7401	0.44	India	Lakshmi Healthcare Private Limited	Lakshmi  Haehnlahgcare Private Limited	Sreerangamtempleroad, Aluva, Ernakulam, Kerala		5	DECISION_LAYER_FAILURE	margin_filtered_or_multi_match_cap
S1-583929949	S2-172693166	S2	False		0.44	India	Eastern Investment LLP	ईस्टर्न इन्वेस्टमेंट एलएलपी	C/O Pramod Kumar Dubey, Village Baragaon, Pindra, Varanasi, Uttar Pradesh	PLOT 437 C/O PRAMOD KUMAR DUBEY, VILLAGE BARAGAON, PINDRA, VARANASI, Uttar Pradesh	5	BLOCKING_FAILURE	candidate_cap_or_retrieval_miss
S1-583929949	S2-706154070	S2	True	0.0011	0.44	India	Eastern Investment LLP	ईस्टर्न इन्वेस्टमेंट एलएलपी	C/O Pramod Kumar Dubey, Village Baragaon, Pindra, Varanasi, Uttar Pradesh	PLOT 437 C/O PRAMOD KUMAR DUBEY, VARANASI, PINDRA, उत्तर प्रदेश	5	MODEL_SCORE_FAILURE	weak_feature_signal_or_underconfident
S1-341670072	S3-803413166	S3	True	0.2462	0.44	US	Blok Academy	Tavonyladelta	13020 Yorkridge Drive, Unit 1524, Charlotte, NC	Charlotte, 0013020 Yorkridge Drive, North Carolina	4	MODEL_SCORE_FAILURE	weak_feature_signal_or_underconfident
S1-550160523	S2-75491135	S2	True	0.0304	0.44	US	N R Alexander Industries LLC	N R Industries LLC Services	CT, 59 Somerset Drive, Windsor		4	MODEL_SCORE_FAILURE	weak_feature_signal_or_underconfident
S1-626023312	S2-25584843	S2	False		0.44	India	Baba Projects Private Limited	बाबा प्रोजेक्ट्स प्राइवेट लिमिटेड	A-44, G-2, Vds Business Center, Sector-2, Noida, Noida, Gautam Buddha Nagar, Uttar Pradesh	A-##44, NOIDA, उत्तर प्रदेश	7	BLOCKING_FAILURE	candidate_cap_or_retrieval_miss
S1-626023312	S2-847848168	S2	False		0.44	India	Baba Projects Private Limited	बाबा प्रोजेक्ट्स प्राइवेट लिमिटेड	A-44, G-2, Vds Business Center, Sector-2, Noida, Noida, Gautam Buddha Nagar, Uttar Pradesh	A-##44, NOIDA, Uttar Pradesh	7	BLOCKING_FAILURE	candidate_cap_or_retrieval_miss
S1-985361513	S2-137729815	S2	True	0.5777	0.44	US	Capital Optimal Mckinley Inc	Capital 0ptimal Mckinley Inc	Washington, DC, Unit 302, 2115 Maryland Avenue		5	DECISION_LAYER_FAILURE	margin_filtered_or_multi_match_cap
S1-779475274	S2-517455990	S2	False		0.44	India	Baba Technology	बाबा टेक्नोलॉजी	B-303, Gardenia, Tupe Nagar, Sade Satra Nali, Pune, Maharashtra	B-A-303, PUNE, HADAPSAR, Maharashtra	6	BLOCKING_FAILURE	candidate_cap_or_retrieval_miss
S1-779475274	S2-341237670	S2	False		0.44	India	Baba Technology	btechnology.com	B-303, Gardenia, Tupe Nagar, Sade Satra Nali, Pune, Maharashtra	B-A-303, PUNE, HADAPSAR, Maharashtra	6	BLOCKING_FAILURE	candidate_cap_or_retrieval_miss
S1-779475274	S2-435363168	S2	False		0.44	India	Baba Technology	बाबा Technology	B-303, Gardenia, Tupe Nagar, Sade Satra Nali, Pune, Maharashtra	B-A-303, PUNE, HADAPSAR, Maharashtra	6	BLOCKING_FAILURE	candidate_cap_or_retrieval_miss
S1-389277132	S2-632893501	S2	False		0.44	US	Ridge Fellowship III	RIDGE FELLOWSHIP	130 13th Street, MT, Laurel	MT, LAUREL, Thirteenth Street	2	BLOCKING_FAILURE	candidate_cap_or_retrieval_miss
S1-139367218	S3-925775558	S3	True	0.4996	0.44	India	Hotel Agro Private Limited	M/s Hotel-Agro Private Limited	Floor-2, Plot-30, Towerno.4, Strata Planet Godrej Keshavrao Khadye Marg, Saat Rasta, Jacob, Circle, 202, Maharashtra, Mumbai City, Mumbai		3	DECISION_LAYER_FAILURE	margin_filtered_or_multi_match_cap
S1-402100018	S2-826397122	S2	False		0.44	India	Swastik Technologies LLP	స్వస్తిక్ టెక్నాలజీస్ ఎల్‌ఎల్‌పీ	9-1-42, Lunger House, Behind Pratap Theatre, Golconda, Hyderabad, Telangana	A-9-1-42, LUNGER HOUSE, BEHIND PRATAP THEATRE, GOLCONDA, HYDERABAD, Andhra Pradesh	4	BLOCKING_FAILURE	candidate_cap_or_retrieval_miss
S1-402100018	S2-690606942	S2	True	0.3246	0.44	India	Swastik Technologies LLP	స్వస్తిక్ టెక్నాలజీస్ ఎల్‌ఎల్‌పీ	9-1-42, Lunger House, Behind Pratap Theatre, Golconda, Hyderabad, Telangana	A-9-1-42, HYDERABAD, GOLCONDA, Andhra Pradesh	4	MODEL_SCORE_FAILURE	weak_feature_signal_or_underconfident
S1-402100018	S2-186078861	S2	False		0.44	India	Swastik Technologies LLP	Swastik Technologies L.L.P.	9-1-42, Lunger House, Behind Pratap Theatre, Golconda, Hyderabad, Telangana	A-9-1-42, LUNGER HOUSE, BEHIND PRATAP THEATRE, GOLCONDA, Andhra Pradesh	4	BLOCKING_FAILURE	candidate_cap_or_retrieval_miss
S1-565779151	S3-139823540	S3	False		0.44	US	Cozy Bike Shop	Cozy Shop Bike	3300 Southern Oaks Drive, Bloomington, IN	3300 Southenr Oaks Drive, Bloomington, Indiana	6	BLOCKING_FAILURE	candidate_cap_or_retrieval_miss
S1-565779151	S2-968989641	S2	False		0.44	US	Cozy Bike Shop	Bike Cozy Shop	3300 Southern Oaks Drive, Bloomington, IN	##3300 SOUTHERN OAKS DRIVE, BLOOMINGTON, IN	6	BLOCKING_FAILURE	candidate_cap_or_retrieval_miss
S1-565779151	S2-249016641	S2	False		0.44	US	Cozy Bike Shop	Cozy Shop Bike	3300 Southern Oaks Drive, Bloomington, IN	BLOOMINGTON, ##3300 SOUTHERN OAKS DR, IN	6	BLOCKING_FAILURE	candidate_cap_or_retrieval_miss
S1-565779151	S2-352672629	S2	False		0.44	US	Cozy Bike Shop	Cozy Bike	3300 Southern Oaks Drive, Bloomington, IN	##3300 SOUTHERN OAKS DRIVE, BLOOMINGTON, IN	6	BLOCKING_FAILURE	candidate_cap_or_retrieval_miss
S1-353783301	S3-949334443	S3	True	0.666	0.44	India	Perfect Finance Private Limited	Perfect ಫೈನಾನ್ಸ್ ಪ್ರೈವೇಟ್ ಲಿಮಿಟೆಡ್	Bangalore, 29Th Floor, World Trade Centre, Brigade Gateway Campus, #26/1, Dr. Rajkumar Road, R, Ajajinagar, Karnataka, S 2904, Bangalore	S 2904, Bangalore, ಕರ್ನಾಟಕ	5	DECISION_LAYER_FAILURE	margin_filtered_or_multi_match_cap
S1-562225034	S3-971585197	S3	False		0.44	US	Sterling Payment Dynamics	Sterling Payment	43 Barnes Road, Watertown, CT	43. Barnes Road, Watertown, Connecticut	2	BLOCKING_FAILURE	candidate_cap_or_retrieval_miss
S1-562225034	S2-381998521	S2	False		0.44	US	Sterling Payment Dynamics	STERLING PAYMENT DYNÁMICS	43 Barnes Road, Watertown, CT	WATERTOWN, 43 BARNES RD, CT	2	BLOCKING_FAILURE	candidate_cap_or_retrieval_miss
S1-160994444	S2-212262632	S2	False		0.44	India	Tech Marketing Pvt Ltd	टेक मार्केटिंग प्रा. लि.	Flat No-8, Ground Floor, Blockb, Ddaflatligpocket-C, New Delhi, South Delhi, Delhi	FLAT NO-8-8, DELHI, SOUTH DELHI, Delhi	3	BLOCKING_FAILURE	candidate_cap_or_retrieval_miss
S1-76440082	S3-75438905	S3	False		0.44	US	Edyth's Investments	@edythsinvestments	17040 Summers Walk Boulevard, Davidson, NC	17040 Summers Walk Blvd, Davidson, North Carolina	3	BLOCKING_FAILURE	candidate_cap_or_retrieval_miss
S1-662836843	S2-586963633	S2	True	0.1453	0.44	India	United Finance Private Limited	यूनाइटेड फाइनेंस प्राइवेट लिमिटेड	Flat No. 405, 4Th Floor Prashant Chhaya Apt. B Wing, Diva District Thane, Thane, Maharashtra	#405, DIVA DISTRICT THANE, DAHISAR N V, Maharashtra	3	MODEL_SCORE_FAILURE	weak_feature_signal_or_underconfident
S1-284170892	S2-634768802	S2	False		0.44	India	Creative Alpha Investment Private Limited	Creative Alpha Investment Private Ltd	C/O Radheshyam Ghanshiram Maran Karmachari Colony Mandi, Kalapipal, Shajapur, Madhya Pradesh	C/O RADHESHYAM GHANSHIRAM MARAN KARMACHARI COLONY MANDI, KALAPIPAL, SHAJAPUR, Madhya Pradesh	4	BLOCKING_FAILURE	candidate_cap_or_retrieval_miss
S1-284170892	S3-285690118	S3	False		0.44	India	Creative Alpha Investment Private Limited	Creative Alpha Investment	C/O Radheshyam Ghanshiram Maran Karmachari Colony Mandi, Kalapipal, Shajapur, Madhya Pradesh	C/o Radheshyam Ghanshiram Maran Karmachari Colony Mandi, Kalapipal, Shajapur, मध्य प्रदेश	4	BLOCKING_FAILURE	candidate_cap_or_retrieval_miss
S1-530745735	S2-226739566	S2	False		0.44	US	Premier Tax LLC	Premier  Tax LLC	201 Curiel Street, Eloy, AZ		7	BLOCKING_FAILURE	candidate_cap_or_retrieval_miss
S1-401623191	S3-312717531	S3	True	0.7469	0.44	India	Smoke Institute of Technology	Mr Smoke Institute of [Technology]	C/O Shushma Devi, Mukesh, Jain Post Office Ke Pass, Porsa, Morena, Madhya Pradesh	C/o Shushma Devi, <NULL>, Porsa, मध्य प्रदेश	4	DECISION_LAYER_FAILURE	margin_filtered_or_multi_match_cap
S1-401623191	S3-438909993	S3	True	0.001	0.44	India	Smoke Institute of Technology	Sm0ke  Institute of Technology Corporation | www.smokeins.com	C/O Shushma Devi, Mukesh, Jain Post Office Ke Pass, Porsa, Morena, Madhya Pradesh	C/o Shushma Devi, <NULL>, Budhara, मध्य प्रदेश	4	MODEL_SCORE_FAILURE	weak_feature_signal_or_underconfident
S1-480520887	S3-189433394	S3	False		0.44	US	Straight Edge Auto Body	Straight Edge Auso Body	14928 Fire Lane, Town Of Dairyland, WI	14928-14930 Fire Ln, Danbury, Wisconsin	3	BLOCKING_FAILURE	candidate_cap_or_retrieval_miss
S1-480520887	S2-554735213	S2	False		0.44	US	Straight Edge Auto Body	Straight Edge Auto Body (Corporation)	14928 Fire Lane, Town Of Dairyland, WI	54928 FIRE LN, TOWN OF DAIRYLAND, WI	3	BLOCKING_FAILURE	candidate_cap_or_retrieval_miss
S1-28432641	S2-813022931	S2	False		0.44	India	Big Systems Private Limited	బిగ్ సిస్టమ్స్ ప్రైవేట్ లిమిటెడ్	H.No.2-91/14-8, C/O. Tara Residency White Field, Serilingampally, K.V.Rangareddy, Telangana	H.NO.2-91/14-8, C/O. TARA RESIDENCY WHITE FIELD, SERILINGAMPALLY, K.V.RANGAREDDY, Telangana	3	BLOCKING_FAILURE	candidate_cap_or_retrieval_miss
S1-28432641	S3-278654976	S3	True	0.4852	0.44	India	Big Systems Private Limited	బిగ్ సిస్టమ్స్ ప్రైవేట్ లిమిటెడ్	H.No.2-91/14-8, C/O. Tara Residency White Field, Serilingampally, K.V.Rangareddy, Telangana	H.no 2-91/14-8, Serilingampally, K.v.rangareddy, Andhra Pradesh	3	DECISION_LAYER_FAILURE	margin_filtered_or_multi_match_cap
S1-663863887	S3-239523545	S3	False		0.44	US	Danit Rowland, CPA	Danit Danit Rowland, Service	NC, Winston-salem, 3556 Summerfield Lane	3556 Summerfield Lane, Winston-Salem, North Carolina	4	BLOCKING_FAILURE	candidate_cap_or_retrieval_miss
S1-663863887	S3-523797609	S3	False		0.44	US	Danit Rowland, CPA	Danit Rowland, Rowland, #43623	NC, Winston-salem, 3556 Summerfield Lane		4	BLOCKING_FAILURE	candidate_cap_or_retrieval_miss
S1-181083675	S2-300993520	S2	False		0.44	US	Saltsman Martin Inc	-- Saltsman  Martin Inc	739 Hebron Drive, Evansville, IN	EVANSVILLE, 739 HEBRON DRIVE, IN	3	BLOCKING_FAILURE	candidate_cap_or_retrieval_miss
S1-522521870	S2-56528490	S2	False		0.44	India	New Delhi Industrial LLP	NEW DELHI INDUSTRIAL	Cp-116 First Floor Maurya Enclave Pitampura, New Delhi, North West, Delhi	Delhi, BLOCK A-218 CP-116 FIRST FLOOR MAURYA ENCLAVE PITAMPURA, NEW DELHI	3	BLOCKING_FAILURE	candidate_cap_or_retrieval_miss
S1-572186351	S3-978491801	S3	False		0.44	US	Cure Ice Cream	Cure Ice  Cream	1009 1/2 7th Avenue, Kelso, WA	1009 1/2 7rd Ave, Kelso, Washington	3	BLOCKING_FAILURE	candidate_cap_or_retrieval_miss
